"Data Source","World Development Indicators",

"Last Updated Date","2020-07-01",

"Country Name","Country Code","Indicator Name","Indicator Code","1960","1961","1962","1963","1964","1965","1966","1967","1968","1969","1970","1971","1972","1973","1974","1975","1976","1977","1978","1979","1980","1981","1982","1983","1984","1985","1986","1987","1988","1989","1990","1991","1992","1993","1994","1995","1996","1997","1998","1999","2000","2001","2002","2003","2004","2005","2006","2007","2008","2009","2010","2011","2012","2013","2014","2015","2016","2017","2018","2019",
"Aruba","ABW","Prevalence of overweight, weight for height, male (% of children under 5)","SH.STA.OWGH.MA.ZS","","","","","","","","","","","","","","","","","","","","","","","","","","","","","","","","","","","","","","","","","","","","","","","","","","","","","","","","","","","","",
"Afghanistan","AFG","Prevalence of overweight, weight for height, male (% of children under 5)","SH.STA.OWGH.MA.ZS","","","","","","","","","","","","","","","","","","","","","","","","","","","","","","","","","","","","","","","","","","","","","","","","","","","","","","4.9","","","","","4","",
"Angola","AGO","Prevalence of overweight, weight for height, male (% of children under 5)","SH.STA.OWGH.MA.ZS","","","","","","","","","","","","","","","","","","","","","","","","","","","","","","","","","","","","","2.2","","","","","","","","","","","","","","","","","","","3.1","","","","",
"Albania","ALB","Prevalence of overweight, weight for height, male (% of children under 5)","SH.STA.OWGH.MA.ZS","","","","","","","","","","","","","","","","","","","","","","","","","","","","","","","","","","","","","","","","","29.4","","","","","24.5","","","","23.2","","","","","","","","17.4","","",
"Andorra","AND","Prevalence of overweight, weight for height, male (% of children under 5)","SH.STA.OWGH.MA.ZS","","","","","","","","","","","","","","","","","","","","","","","","","","","","","","","","","","","","","","","","","","","","","","","","","","","","","","","","","","","","",
"Arab World","ARB","Prevalence of overweight, weight for height, male (% of children under 5)","SH.STA.OWGH.MA.ZS","","","","","","","","","","","","","","","","","","","","","","","","","","","","","","","","","","","","","","","","","","","","","","","","","","","","","","","","","","","","",
"United Arab Emirates","ARE","Prevalence of overweight, weight for height, male (% of children under 5)","SH.STA.OWGH.MA.ZS","","","","","","","","","","","","","","","","","","","","","","","","","","","","","","","","","","","","","","","","","","","","","","","","","","","","","","","","","","","","",
"Argentina","ARG","Prevalence of overweight, weight for height, male (% of children under 5)","SH.STA.OWGH.MA.ZS","","","","","","","","","","","","","","","","","","","","","","","","","","","","","","","","","","","","","","","","","","","","","","","","","","","","","","","","","","","","",
"Armenia","ARM","Prevalence of overweight, weight for height, male (% of children under 5)","SH.STA.OWGH.MA.ZS","","","","","","","","","","","","","","","","","","","","","","","","","","","","","","","","","","","","","","","","","19.4","","","","","13.3","","","","","18.3","","","","","","14.6","","","",
"American Samoa","ASM","Prevalence of overweight, weight for height, male (% of children under 5)","SH.STA.OWGH.MA.ZS","","","","","","","","","","","","","","","","","","","","","","","","","","","","","","","","","","","","","","","","","","","","","","","","","","","","","","","","","","","","",
"Antigua and Barbuda","ATG","Prevalence of overweight, weight for height, male (% of children under 5)","SH.STA.OWGH.MA.ZS","","","","","","","","","","","","","","","","","","","","","","","","","","","","","","","","","","","","","","","","","","","","","","","","","","","","","","","","","","","","",
"Australia","AUS","Prevalence of overweight, weight for height, male (% of children under 5)","SH.STA.OWGH.MA.ZS","","","","","","","","","","","","","","","","","","","","","","","","","","","","","","","","","","","","","","","","","","","","","","","","","","","","","","","","","","","","",
"Austria","AUT","Prevalence of overweight, weight for height, male (% of children under 5)","SH.STA.OWGH.MA.ZS","","","","","","","","","","","","","","","","","","","","","","","","","","","","","","","","","","","","","","","","","","","","","","","","","","","","","","","","","","","","",
"Azerbaijan","AZE","Prevalence of overweight, weight for height, male (% of children under 5)","SH.STA.OWGH.MA.ZS","","","","","","","","","","","","","","","","","","","","","","","","","","","","","","","","","","","","","","","","","6.7","","","","","","14.9","","","","","","","15.1","","","","","","",
"Burundi","BDI","Prevalence of overweight, weight for height, male (% of children under 5)","SH.STA.OWGH.MA.ZS","","","","","","","","","","","","","","","","","","","","","","","","","","","","","","","","","","","","","","","","","1.8","","","","","","","","","","3.1","","","","","","1.5","","","",
"Belgium","BEL","Prevalence of overweight, weight for height, male (% of children under 5)","SH.STA.OWGH.MA.ZS","","","","","","","","","","","","","","","","","","","","","","","","","","","","","","","","","","","","","","","","","","","","","","","","","","","","","","","","","","","","",
"Benin","BEN","Prevalence of overweight, weight for height, male (% of children under 5)","SH.STA.OWGH.MA.ZS","","","","","","","","","","","","","","","","","","","","","","","","","","","","","","","","","","","","","","","","","","3.5","","","","","","","","","","","","","2.2","","","","1.8","",
"Burkina Faso","BFA","Prevalence of overweight, weight for height, male (% of children under 5)","SH.STA.OWGH.MA.ZS","","","","","","","","","","","","","","","","","","","","","","","","","","","","","","","","","","2.9","","","","","","2.2","","","","5.8","","","7.2","","","","2.7","0.8","0.7","","1.3","","1.2","2","1","",
"Bangladesh","BGD","Prevalence of overweight, weight for height, male (% of children under 5)","SH.STA.OWGH.MA.ZS","","","","","","","","","","","","","","","","","","","","","","","","","","","","","","","","","","","","","","2.1","","","1","","","","0.8","","","1.2","","","","1.7","","","1.6","","","","","",
"Bulgaria","BGR","Prevalence of overweight, weight for height, male (% of children under 5)","SH.STA.OWGH.MA.ZS","","","","","","","","","","","","","","","","","","","","","","","","","","","","","","","","","","","","","","","","","","","","","","","","","","","","","","","","","","","","",
"Bahrain","BHR","Prevalence of overweight, weight for height, male (% of children under 5)","SH.STA.OWGH.MA.ZS","","","","","","","","","","","","","","","","","","","","","","","","","","","","","","","","","","","","","","","","","","","","","","","","","","","","","","","","","","","","",
"Bahamas, The","BHS","Prevalence of overweight, weight for height, male (% of children under 5)","SH.STA.OWGH.MA.ZS","","","","","","","","","","","","","","","","","","","","","","","","","","","","","","","","","","","","","","","","","","","","","","","","","","","","","","","","","","","","",
"Bosnia and Herzegovina","BIH","Prevalence of overweight, weight for height, male (% of children under 5)","SH.STA.OWGH.MA.ZS","","","","","","","","","","","","","","","","","","","","","","","","","","","","","","","","","","","","","","","","","16.7","","","","","","27.4","","","","","","16.7","","","","","","","",
"Belarus","BLR","Prevalence of overweight, weight for height, male (% of children under 5)","SH.STA.OWGH.MA.ZS","","","","","","","","","","","","","","","","","","","","","","","","","","","","","","","","","","","","","","","","","","","","","","11.3","","","","","","","","","","","","","","",
"Belize","BLZ","Prevalence of overweight, weight for height, male (% of children under 5)","SH.STA.OWGH.MA.ZS","","","","","","","","","","","","","","","","","","","","","","","","","","","","","","","","","","","","","","","","","","","","","","","15.7","","","","","8.6","","","","8","","","","",
"Bermuda","BMU","Prevalence of overweight, weight for height, male (% of children under 5)","SH.STA.OWGH.MA.ZS","","","","","","","","","","","","","","","","","","","","","","","","","","","","","","","","","","","","","","","","","","","","","","","","","","","","","","","","","","","","",
"Bolivia","BOL","Prevalence of overweight, weight for height, male (% of children under 5)","SH.STA.OWGH.MA.ZS","","","","","","","","","","","","","","","","","","","","","","","","","","","","","","","","","","","","","","","11.4","","","","","9.1","","","","","9.2","","","","7.9","","","","11.1","","","",
"Brazil","BRA","Prevalence of overweight, weight for height, male (% of children under 5)","SH.STA.OWGH.MA.ZS","","","","","","","","","","","","","","","","","","","","","","","","","","","","","","7.9","","","","","","","6.8","","","","","","","","","","","6","","","","","","","","","","","","",
"Barbados","BRB","Prevalence of overweight, weight for height, male (% of children under 5)","SH.STA.OWGH.MA.ZS","","","","","","","","","","","","","","","","","","","","","","","","","","","","","","","","","","","","","","","","","","","","","","","","","","","","","11.3","","","","","","","",
"Brunei Darussalam","BRN","Prevalence of overweight, weight for height, male (% of children under 5)","SH.STA.OWGH.MA.ZS","","","","","","","","","","","","","","","","","","","","","","","","","","","","","","","","","","","","","","","","","","","","","","","","","","","","","","","","","","","","",
"Bhutan","BTN","Prevalence of overweight, weight for height, male (% of children under 5)","SH.STA.OWGH.MA.ZS","","","","","","","","","","","","","","","","","","","","","","","","","","","","","","","","","","","","","","","","4.6","","","","","","","","","5.9","","7.5","","","","","","","","","",
"Botswana","BWA","Prevalence of overweight, weight for height, male (% of children under 5)","SH.STA.OWGH.MA.ZS","","","","","","","","","","","","","","","","","","","","","","","","","","","","","","","","","","","","","","","","","10.1","","","","","","","9.6","","","","","","","","","","","","",
"Central African Republic","CAF","Prevalence of overweight, weight for height, male (% of children under 5)","SH.STA.OWGH.MA.ZS","","","","","","","","","","","","","","","","","","","","","","","","","","","","","","","","","","","","","","","","","10.6","","","","","","8.3","","","","2","","2.2","","","","","","","",
"Canada","CAN","Prevalence of overweight, weight for height, male (% of children under 5)","SH.STA.OWGH.MA.ZS","","","","","","","","","","","","","","","","","","","","","","","","","","","","","","","","","","","","","","","","","","","","","","","","","","","","","","","","","","","","",
"Central Europe and the Baltics","CEB","Prevalence of overweight, weight for height, male (% of children under 5)","SH.STA.OWGH.MA.ZS","","","","","","","","","","","","","","","","","","","","","","","","","","","","","","","","","","","","","","","","","","","","","","","","","","","","","","","","","","","","",
"Switzerland","CHE","Prevalence of overweight, weight for height, male (% of children under 5)","SH.STA.OWGH.MA.ZS","","","","","","","","","","","","","","","","","","","","","","","","","","","","","","","","","","","","","","","","","","","","","","","","","","","","","","","","","","","","",
"Channel Islands","CHI","Prevalence of overweight, weight for height, male (% of children under 5)","SH.STA.OWGH.MA.ZS","","","","","","","","","","","","","","","","","","","","","","","","","","","","","","","","","","","","","","","","","","","","","","","","","","","","","","","","","","","","",
"Chile","CHL","Prevalence of overweight, weight for height, male (% of children under 5)","SH.STA.OWGH.MA.ZS","","","","","","","","","","","","","","","","","","","","","","","","","","","","","","","","","","","","","","","","","","","","","","","","","","","","","","","","","","","","",
"China","CHN","Prevalence of overweight, weight for height, male (% of children under 5)","SH.STA.OWGH.MA.ZS","","","","","","","","","","","","","","","","","","","","","","","","","","","","","","","","","","","","","","","","","","","","","","","","","","","","","","","","","","","","",
"Cote d'Ivoire","CIV","Prevalence of overweight, weight for height, male (% of children under 5)","SH.STA.OWGH.MA.ZS","","","","","","","","","","","","","","","","","","","","","","","","","","","","","","","","","","","","","","","5.2","","","","","","","","9.4","","","","","","3.5","","","","1.8","","","",
"Cameroon","CMR","Prevalence of overweight, weight for height, male (% of children under 5)","SH.STA.OWGH.MA.ZS","","","","","","","","","","","","","","","","","","","","","","","","","","","","","","","","6","","","","","","","","","","","","","10.3","","10.2","","","","","7.7","","","7.1","","","","","",
"Congo, Dem. Rep.","COD","Prevalence of overweight, weight for height, male (% of children under 5)","SH.STA.OWGH.MA.ZS","","","","","","","","","","","","","","","","","","","","","","","","","","","","","","","","","","","","","","","","","","6.8","","","","","","6.7","","","5.1","","","4.5","","","","","","",
"Congo, Rep.","COG","Prevalence of overweight, weight for height, male (% of children under 5)","SH.STA.OWGH.MA.ZS","","","","","","","","","","","","","","","","","","","","","","","","","","","","","","","","","","","","","","","","","","","","","","8.5","","","","","","3.5","","","4.8","","","","","",
"Colombia","COL","Prevalence of overweight, weight for height, male (% of children under 5)","SH.STA.OWGH.MA.ZS","","","","","","","","","","","","","","","","","","","","","","","","","","","","","","","","","","","","4.9","","","","","6.3","","","","4.2","","","","","","5.4","","","","","","6.7","","","",
"Comoros","COM","Prevalence of overweight, weight for height, male (% of children under 5)","SH.STA.OWGH.MA.ZS","","","","","","","","","","","","","","","","","","","","","","","","","","","","","","","","","","","","","","","","","20.9","","","","","","","","","","","","11.2","","","","","","","",
"Cabo Verde","CPV","Prevalence of overweight, weight for height, male (% of children under 5)","SH.STA.OWGH.MA.ZS","","","","","","","","","","","","","","","","","","","","","","","","","","","","","","","","","","","","","","","","","","","","","","","","","","","","","","","","","","","","",
"Costa Rica","CRI","Prevalence of overweight, weight for height, male (% of children under 5)","SH.STA.OWGH.MA.ZS","","","","","","","","","","","","","","","","","","","","","","","","","","","","","","","","","","","","","","","","","","","","","","","","","","","","","","","","","","","","",
"Caribbean small states","CSS","Prevalence of overweight, weight for height, male (% of children under 5)","SH.STA.OWGH.MA.ZS","","","","","","","","","","","","","","","","","","","","","","","","","","","","","","","","","","","","","","","","","","","","","","","","","","","","","","","","","","","","",
"Cuba","CUB","Prevalence of overweight, weight for height, male (% of children under 5)","SH.STA.OWGH.MA.ZS","","","","","","","","","","","","","","","","","","","","","","","","","","","","","","","","","","","","","","","","","","","","","","","","","","","","","","","","","","","","",
"Curacao","CUW","Prevalence of overweight, weight for height, male (% of children under 5)","SH.STA.OWGH.MA.ZS","","","","","","","","","","","","","","","","","","","","","","","","","","","","","","","","","","","","","","","","","","","","","","","","","","","","","","","","","","","","",
"Cayman Islands","CYM","Prevalence of overweight, weight for height, male (% of children under 5)","SH.STA.OWGH.MA.ZS","","","","","","","","","","","","","","","","","","","","","","","","","","","","","","","","","","","","","","","","","","","","","","","","","","","","","","","","","","","","",
"Cyprus","CYP","Prevalence of overweight, weight for height, male (% of children under 5)","SH.STA.OWGH.MA.ZS","","","","","","","","","","","","","","","","","","","","","","","","","","","","","","","","","","","","","","","","","","","","","","","","","","","","","","","","","","","","",
"Czech Republic","CZE","Prevalence of overweight, weight for height, male (% of children under 5)","SH.STA.OWGH.MA.ZS","","","","","","","","","","","","","","","","","","","","","","","","","","","","","","","","","","","","","","","","","","4.7","","","","","","","","","","","","","","","","","","",
"Germany","DEU","Prevalence of overweight, weight for height, male (% of children under 5)","SH.STA.OWGH.MA.ZS","","","","","","","","","","","","","","","","","","","","","","","","","","","","","","","","","","","","","","","","","","","","","","","","","","","","","","","","","","","","",
"Djibouti","DJI","Prevalence of overweight, weight for height, male (% of children under 5)","SH.STA.OWGH.MA.ZS","","","","","","","","","","","","","","","","","","","","","","","","","","","","","","","","","","","","","","","","","","","7.9","","","","","","","","","","7.8","","","","","","","",
"Dominica","DMA","Prevalence of overweight, weight for height, male (% of children under 5)","SH.STA.OWGH.MA.ZS","","","","","","","","","","","","","","","","","","","","","","","","","","","","","","","","","","","","","","","","","","","","","","","","","","","","","","","","","","","","",
"Denmark","DNK","Prevalence of overweight, weight for height, male (% of children under 5)","SH.STA.OWGH.MA.ZS","","","","","","","","","","","","","","","","","","","","","","","","","","","","","","","","","","","","","","","","","","","","","","","","","","","","","","","","","","","","",
"Dominican Republic","DOM","Prevalence of overweight, weight for height, male (% of children under 5)","SH.STA.OWGH.MA.ZS","","","","","","","","","","","","","","","","","","","","","","","","","","","","","","","","4.2","","","","","7.1","","","","6.6","","9.1","","","","","9.1","","","","","","7.9","","","","","","",
"Algeria","DZA","Prevalence of overweight, weight for height, male (% of children under 5)","SH.STA.OWGH.MA.ZS","","","","","","","","","","","","","","","","","","","","","","","","","","","","","","","","","9","","","","","","","","14.1","","15.7","","","","13.4","","","","","","12.9","","","","","","","",
"East Asia & Pacific (excluding high income)","EAP","Prevalence of overweight, weight for height, male (% of children under 5)","SH.STA.OWGH.MA.ZS","","","","","","","","","","","","","","","","","","","","","","","","","","","","","","","","","","","","","","","","","","","","","","","","","","","","","","","","","","","","",
"Early-demographic dividend","EAR","Prevalence of overweight, weight for height, male (% of children under 5)","SH.STA.OWGH.MA.ZS","","","","","","","","","","","","","","","","","","","","","","","","","","","","","","","","","","","","","","","","","","","","","","","","","","","","","","","","","","","","",
"East Asia & Pacific","EAS","Prevalence of overweight, weight for height, male (% of children under 5)","SH.STA.OWGH.MA.ZS","","","","","","","","","","","","","","","","","","","","","","","","","","","","","","","","","","","","","","","","","","","","","","","","","","","","","","","","","","","","",
"Europe & Central Asia (excluding high income)","ECA","Prevalence of overweight, weight for height, male (% of children under 5)","SH.STA.OWGH.MA.ZS","","","","","","","","","","","","","","","","","","","","","","","","","","","","","","","","","","","","","","","","","","","","","","","","","","","","","","","","","","","","",
"Europe & Central Asia","ECS","Prevalence of overweight, weight for height, male (% of children under 5)","SH.STA.OWGH.MA.ZS","","","","","","","","","","","","","","","","","","","","","","","","","","","","","","","","","","","","","","","","","","","","","","","","","","","","","","","","","","","","",
"Ecuador","ECU","Prevalence of overweight, weight for height, male (% of children under 5)","SH.STA.OWGH.MA.ZS","","","","","","","","","","","","","","","","","","","","","","","","","","","","","","","","","","","","","","","","3","","","","","5.6","","5.4","","","","","","7.9","","8.4","","","","","",
"Egypt, Arab Rep.","EGY","Prevalence of overweight, weight for height, male (% of children under 5)","SH.STA.OWGH.MA.ZS","","","","","","","","","","","","","","","","","","","","","","","","","","","","","","","","15.9","","14.9","","14.7","","","","","","","","8.9","","14.4","","","19.7","","","","","","16.3","","","","","",
"Euro area","EMU","Prevalence of overweight, weight for height, male (% of children under 5)","SH.STA.OWGH.MA.ZS","","","","","","","","","","","","","","","","","","","","","","","","","","","","","","","","","","","","","","","","","","","","","","","","","","","","","","","","","","","","",
"Eritrea","ERI","Prevalence of overweight, weight for height, male (% of children under 5)","SH.STA.OWGH.MA.ZS","","","","","","","","","","","","","","","","","","","","","","","","","","","","","","","","","","","","","","","","","","","1.8","","","","","","","","2","","","","","","","","","",
"Spain","ESP","Prevalence of overweight, weight for height, male (% of children under 5)","SH.STA.OWGH.MA.ZS","","","","","","","","","","","","","","","","","","","","","","","","","","","","","","","","","","","","","","","","","","","","","","","","","","","","","","","","","","","","",
"Estonia","EST","Prevalence of overweight, weight for height, male (% of children under 5)","SH.STA.OWGH.MA.ZS","","","","","","","","","","","","","","","","","","","","","","","","","","","","","","","","","","","","","","","","","","","","","","","","","","","","","","","","","","","","",
"Ethiopia","ETH","Prevalence of overweight, weight for height, male (% of children under 5)","SH.STA.OWGH.MA.ZS","","","","","","","","","","","","","","","","","","","","","","","","","","","","","","","","","","","","","","","","","2","","","","","5.8","","","","","","1.6","","","","","3.1","","","",
"European Union","EUU","Prevalence of overweight, weight for height, male (% of children under 5)","SH.STA.OWGH.MA.ZS","","","","","","","","","","","","","","","","","","","","","","","","","","","","","","","","","","","","","","","","","","","","","","","","","","","","","","","","","","","","",
"Fragile and conflict affected situations","FCS","Prevalence of overweight, weight for height, male (% of children under 5)","SH.STA.OWGH.MA.ZS","","","","","","","","","","","","","","","","","","","","","","","","","","","","","","","","","","","","","","","","","","","","","","","","","","","","","","","","","","","","",
"Finland","FIN","Prevalence of overweight, weight for height, male (% of children under 5)","SH.STA.OWGH.MA.ZS","","","","","","","","","","","","","","","","","","","","","","","","","","","","","","","","","","","","","","","","","","","","","","","","","","","","","","","","","","","","",
"Fiji","FJI","Prevalence of overweight, weight for height, male (% of children under 5)","SH.STA.OWGH.MA.ZS","","","","","","","","","","","","","","","","","","","","","","","","","","","","","","","","","","","","","","","","","","","","","","","","","","","","","","","","","","","","",
"France","FRA","Prevalence of overweight, weight for height, male (% of children under 5)","SH.STA.OWGH.MA.ZS","","","","","","","","","","","","","","","","","","","","","","","","","","","","","","","","","","","","","","","","","","","","","","","","","","","","","","","","","","","","",
"Faroe Islands","FRO","Prevalence of overweight, weight for height, male (% of children under 5)","SH.STA.OWGH.MA.ZS","","","","","","","","","","","","","","","","","","","","","","","","","","","","","","","","","","","","","","","","","","","","","","","","","","","","","","","","","","","","",
"Micronesia, Fed. Sts.","FSM","Prevalence of overweight, weight for height, male (% of children under 5)","SH.STA.OWGH.MA.ZS","","","","","","","","","","","","","","","","","","","","","","","","","","","","","","","","","","","","","","","","","","","","","","","","","","","","","","","","","","","","",
"Gabon","GAB","Prevalence of overweight, weight for height, male (% of children under 5)","SH.STA.OWGH.MA.ZS","","","","","","","","","","","","","","","","","","","","","","","","","","","","","","","","","","","","","","","","","6","","","","","","","","","","","","9.2","","","","","","","",
"United Kingdom","GBR","Prevalence of overweight, weight for height, male (% of children under 5)","SH.STA.OWGH.MA.ZS","","","","","","","","","","","","","","","","","","","","","","","","","","","","","","","","","","","","","","","","","","","","","","","","","","","","","","","","","","","","",
"Georgia","GEO","Prevalence of overweight, weight for height, male (% of children under 5)","SH.STA.OWGH.MA.ZS","","","","","","","","","","","","","","","","","","","","","","","","","","","","","","","","","","","","","","","","","","","","","","21.1","","","","","","","","","","","","","","",
"Ghana","GHA","Prevalence of overweight, weight for height, male (% of children under 5)","SH.STA.OWGH.MA.ZS","","","","","","","","","","","","","","","","","","","","","","","","","","","","","","","","","","","","","","","2.9","","","","","5.3","","","2.6","","5.4","","","2.7","","","3.6","","","","","",
"Gibraltar","GIB","Prevalence of overweight, weight for height, male (% of children under 5)","SH.STA.OWGH.MA.ZS","","","","","","","","","","","","","","","","","","","","","","","","","","","","","","","","","","","","","","","","","","","","","","","","","","","","","","","","","","","","",
"Guinea","GIN","Prevalence of overweight, weight for height, male (% of children under 5)","SH.STA.OWGH.MA.ZS","","","","","","","","","","","","","","","","","","","","","","","","","","","","","","","","","","","","","","","","4.5","","","","","","5.2","","","","","","3.4","4.5","","","","4.6","","5.7","",
"Gambia, The","GMB","Prevalence of overweight, weight for height, male (% of children under 5)","SH.STA.OWGH.MA.ZS","","","","","","","","","","","","","","","","","","","","","","","","","","","","","","","","","","","","","","","","","2.9","","","","","","2.9","","","","2.4","","0.7","3.1","","","","","2.9","",
"Guinea-Bissau","GNB","Prevalence of overweight, weight for height, male (% of children under 5)","SH.STA.OWGH.MA.ZS","","","","","","","","","","","","","","","","","","","","","","","","","","","","","","","","","","","","","","","","","5.3","","","","","","17.4","","","","3","","","","2.7","","","","","",
"Equatorial Guinea","GNQ","Prevalence of overweight, weight for height, male (% of children under 5)","SH.STA.OWGH.MA.ZS","","","","","","","","","","","","","","","","","","","","","","","","","","","","","","","","","","","","","","","","","14.3","","","","","","","","","","","","","","","","","","","",
"Greece","GRC","Prevalence of overweight, weight for height, male (% of children under 5)","SH.STA.OWGH.MA.ZS","","","","","","","","","","","","","","","","","","","","","","","","","","","","","","","","","","","","","","","","","","","","","","","","","","","","","","","","","","","","",
"Grenada","GRD","Prevalence of overweight, weight for height, male (% of children under 5)","SH.STA.OWGH.MA.ZS","","","","","","","","","","","","","","","","","","","","","","","","","","","","","","","","","","","","","","","","","","","","","","","","","","","","","","","","","","","","",
"Greenland","GRL","Prevalence of overweight, weight for height, male (% of children under 5)","SH.STA.OWGH.MA.ZS","","","","","","","","","","","","","","","","","","","","","","","","","","","","","","","","","","","","","","","","","","","","","","","","","","","","","","","","","","","","",
"Guatemala","GTM","Prevalence of overweight, weight for height, male (% of children under 5)","SH.STA.OWGH.MA.ZS","","","","","","","","","","","","","","","","","","","","","","","","","","","","","","","","","","","","6.8","","","","7.6","8.4","","6.1","","","","","","","5.2","","","","","","5.1","","","","",
"Guam","GUM","Prevalence of overweight, weight for height, male (% of children under 5)","SH.STA.OWGH.MA.ZS","","","","","","","","","","","","","","","","","","","","","","","","","","","","","","","","","","","","","","","","","","","","","","","","","","","","","","","","","","","","",
"Guyana","GUY","Prevalence of overweight, weight for height, male (% of children under 5)","SH.STA.OWGH.MA.ZS","","","","","","","","","","","","","","","","","","","","","","","","","","","","","","","","","","","","","","","","","5.4","","","","","","6.4","","","4.9","","","","","5.7","","","","","",
"High income","HIC","Prevalence of overweight, weight for height, male (% of children under 5)","SH.STA.OWGH.MA.ZS","","","","","","","","","","","","","","","","","","","","","","","","","","","","","","","","","","","","","","","","","","","","","","","","","","","","","","","","","","","","",
"Hong Kong SAR, China","HKG","Prevalence of overweight, weight for height, male (% of children under 5)","SH.STA.OWGH.MA.ZS","","","","","","","","","","","","","","","","","","","","","","","","","","","","","","","","","","","","","","","","","","","","","","","","","","","","","","","","","","","","",
"Honduras","HND","Prevalence of overweight, weight for height, male (% of children under 5)","SH.STA.OWGH.MA.ZS","","","","","","","","","","","","","","","","","","","","","","","","","","","","","","","","","","","","","","","","","","3.3","","","","","6.3","","","","","","5.5","","","","","","","",
"Heavily indebted poor countries (HIPC)","HPC","Prevalence of overweight, weight for height, male (% of children under 5)","SH.STA.OWGH.MA.ZS","","","","","","","","","","","","","","","","","","","","","","","","","","","","","","","","","","","","","","","","","","","","","","","","","","","","","","","","","","","","",
"Croatia","HRV","Prevalence of overweight, weight for height, male (% of children under 5)","SH.STA.OWGH.MA.ZS","","","","","","","","","","","","","","","","","","","","","","","","","","","","","","","","","","","","","","","","","","","","","","","","","","","","","","","","","","","","",
"Haiti","HTI","Prevalence of overweight, weight for height, male (% of children under 5)","SH.STA.OWGH.MA.ZS","","","","","","","","","","","","","","","","","","","","","","","","","","","","","","","","","","","3.8","","","","","","3.8","","","","","","4.4","","","","","","4.1","","","","","4","","",
"Hungary","HUN","Prevalence of overweight, weight for height, male (% of children under 5)","SH.STA.OWGH.MA.ZS","","","","","","","","","","","","","","","","","","","","","","","","","","","","","","","","","","","","","","","","","","","","","","","","","","","","","","","","","","","","",
"IBRD only","IBD","Prevalence of overweight, weight for height, male (% of children under 5)","SH.STA.OWGH.MA.ZS","","","","","","","","","","","","","","","","","","","","","","","","","","","","","","","","","","","","","","","","","","","","","","","","","","","","","","","","","","","","",
"IDA & IBRD total","IBT","Prevalence of overweight, weight for height, male (% of children under 5)","SH.STA.OWGH.MA.ZS","","","","","","","","","","","","","","","","","","","","","","","","","","","","","","","","","","","","","","","","","","","","","","","","","","","","","","","","","","","","",
"IDA total","IDA","Prevalence of overweight, weight for height, male (% of children under 5)","SH.STA.OWGH.MA.ZS","","","","","","","","","","","","","","","","","","","","","","","","","","","","","","","","","","","","","","","","","","","","","","","","","","","","","","","","","","","","",
"IDA blend","IDB","Prevalence of overweight, weight for height, male (% of children under 5)","SH.STA.OWGH.MA.ZS","","","","","","","","","","","","","","","","","","","","","","","","","","","","","","","","","","","","","","","","","","","","","","","","","","","","","","","","","","","","",
"Indonesia","IDN","Prevalence of overweight, weight for height, male (% of children under 5)","SH.STA.OWGH.MA.ZS","","","","","","","","","","","","","","","","","","","","","","","","","","","","","","","","","","","","","","","","","","","","","","","","","","","","","","","","","","","","",
"IDA only","IDX","Prevalence of overweight, weight for height, male (% of children under 5)","SH.STA.OWGH.MA.ZS","","","","","","","","","","","","","","","","","","","","","","","","","","","","","","","","","","","","","","","","","","","","","","","","","","","","","","","","","","","","",
"Isle of Man","IMN","Prevalence of overweight, weight for height, male (% of children under 5)","SH.STA.OWGH.MA.ZS","","","","","","","","","","","","","","","","","","","","","","","","","","","","","","","","","","","","","","","","","","","","","","","","","","","","","","","","","","","","",
"India","IND","Prevalence of overweight, weight for height, male (% of children under 5)","SH.STA.OWGH.MA.ZS","","","","","","","","","","","","","","","","","","","","","","","","","","","","","","","","","","","","","","","","","","","","","","","2.1","","","","","","","","","2.4","","","","",
"Not classified","INX","Prevalence of overweight, weight for height, male (% of children under 5)","SH.STA.OWGH.MA.ZS","","","","","","","","","","","","","","","","","","","","","","","","","","","","","","","","","","","","","","","","","","","","","","","","","","","","","","","","","","","","",
"Ireland","IRL","Prevalence of overweight, weight for height, male (% of children under 5)","SH.STA.OWGH.MA.ZS","","","","","","","","","","","","","","","","","","","","","","","","","","","","","","","","","","","","","","","","","","","","","","","","","","","","","","","","","","","","",
"Iran, Islamic Rep.","IRN","Prevalence of overweight, weight for height, male (% of children under 5)","SH.STA.OWGH.MA.ZS","","","","","","","","","","","","","","","","","","","","","","","","","","","","","","","","","","","","","","","","","","","","","","","","","","","","","","","","","","","","",
"Iraq","IRQ","Prevalence of overweight, weight for height, male (% of children under 5)","SH.STA.OWGH.MA.ZS","","","","","","","","","","","","","","","","","","","","","","","","","","","","","","","","","","","","","","","","","5.7","","","","","","15.6","","","","","11.8","","","","","","","6.3","",
"Iceland","ISL","Prevalence of overweight, weight for height, male (% of children under 5)","SH.STA.OWGH.MA.ZS","","","","","","","","","","","","","","","","","","","","","","","","","","","","","","","","","","","","","","","","","","","","","","","","","","","","","","","","","","","","",
"Israel","ISR","Prevalence of overweight, weight for height, male (% of children under 5)","SH.STA.OWGH.MA.ZS","","","","","","","","","","","","","","","","","","","","","","","","","","","","","","","","","","","","","","","","","","","","","","","","","","","","","","","","","","","","",
"Italy","ITA","Prevalence of overweight, weight for height, male (% of children under 5)","SH.STA.OWGH.MA.ZS","","","","","","","","","","","","","","","","","","","","","","","","","","","","","","","","","","","","","","","","","","","","","","","","","","","","","","","","","","","","",
"Jamaica","JAM","Prevalence of overweight, weight for height, male (% of children under 5)","SH.STA.OWGH.MA.ZS","","","","","","","","","","","","","","","","","","","","","","","","","","","","","","","","2.2","3.4","5.2","6.7","7.6","3.4","6.5","3.9","7.1","9.4","7.2","8.6","","7.7","","9","7.9","7.9","","3.3","","5.8","","7.7","","","","","",
"Jordan","JOR","Prevalence of overweight, weight for height, male (% of children under 5)","SH.STA.OWGH.MA.ZS","","","","","","","","","","","","","","","","","","","","","","","","","","","","","","","9.5","","","","","","","4.9","","","","","4.7","","","","","","","7.9","","","5.6","","","","","","","",
"Japan","JPN","Prevalence of overweight, weight for height, male (% of children under 5)","SH.STA.OWGH.MA.ZS","","","","","","","","","","","","","","","","","","","","","","","","","","","","","","","","","","","","","","","","","","","","","","","","","","","","","","","","","","","","",
"Kazakhstan","KAZ","Prevalence of overweight, weight for height, male (% of children under 5)","SH.STA.OWGH.MA.ZS","","","","","","","","","","","","","","","","","","","","","","","","","","","","","","","","","","","","","","","","6.8","","","","","","","17.5","","","","14.8","","","","","8.7","","","","",
"Kenya","KEN","Prevalence of overweight, weight for height, male (% of children under 5)","SH.STA.OWGH.MA.ZS","","","","","","","","","","","","","","","","","","","","","","","","","","","","","","","","","","5.8","4.8","","","","","","7.8","","","6","","7.3","","","4.7","","","","","","4.7","","","","","",
"Kyrgyz Republic","KGZ","Prevalence of overweight, weight for height, male (% of children under 5)","SH.STA.OWGH.MA.ZS","","","","","","","","","","","","","","","","","","","","","","","","","","","","","","","","","","","","","","","","","","","","","","","12.7","","","","","","9.5","","7.8","","","","6.8","",
"Cambodia","KHM","Prevalence of overweight, weight for height, male (% of children under 5)","SH.STA.OWGH.MA.ZS","","","","","","","","","","","","","","","","","","","","","","","","","","","","","","","","","","","","","","","","","4.1","","","","","2.1","","","1.9","","1.8","","","","2.6","","","","","",
"Kiribati","KIR","Prevalence of overweight, weight for height, male (% of children under 5)","SH.STA.OWGH.MA.ZS","","","","","","","","","","","","","","","","","","","","","","","","","","","","","","","","","","","","","","","","","","","","","","","","","","","","","","","","","","","","",
"St. Kitts and Nevis","KNA","Prevalence of overweight, weight for height, male (% of children under 5)","SH.STA.OWGH.MA.ZS","","","","","","","","","","","","","","","","","","","","","","","","","","","","","","","","","","","","","","","","","","","","","","","","","","","","","","","","","","","","",
"Korea, Rep.","KOR","Prevalence of overweight, weight for height, male (% of children under 5)","SH.STA.OWGH.MA.ZS","","","","","","","","","","","","","","","","","","","","","","","","","","","","","","","","","","","","","","","","","","","","","","","","","","","","","","","","","","","","",
"Kuwait","KWT","Prevalence of overweight, weight for height, male (% of children under 5)","SH.STA.OWGH.MA.ZS","","","","","","","","","","","","","","","","","","","","","","","","","","","","","","","","","","","","","","","","","","","","","","","","","","","","","","","","","","","","",
"Latin America & Caribbean (excluding high income)","LAC","Prevalence of overweight, weight for height, male (% of children under 5)","SH.STA.OWGH.MA.ZS","","","","","","","","","","","","","","","","","","","","","","","","","","","","","","","","","","","","","","","","","","","","","","","","","","","","","","","","","","","","",
"Lao PDR","LAO","Prevalence of overweight, weight for height, male (% of children under 5)","SH.STA.OWGH.MA.ZS","","","","","","","","","","","","","","","","","","","","","","","","","","","","","","","","","","","","","","","","","2.4","","","","","","1.5","","","","","2","","","","2.7","","3.9","","",
"Lebanon","LBN","Prevalence of overweight, weight for height, male (% of children under 5)","SH.STA.OWGH.MA.ZS","","","","","","","","","","","","","","","","","","","","","","","","","","","","","","","","","","","","","21.5","","","","","","","","","","","","","","","","","","","","","","","",
"Liberia","LBR","Prevalence of overweight, weight for height, male (% of children under 5)","SH.STA.OWGH.MA.ZS","","","","","","","","","","","","","","","","","","","","","","","","","","","","","","","","","","","","","","","","","4.6","","","","","","","4.8","","","2.7","","","3.1","","","3.5","","","",
"Libya","LBY","Prevalence of overweight, weight for height, male (% of children under 5)","SH.STA.OWGH.MA.ZS","","","","","","","","","","","","","","","","","","","","","","","","","","","","","","","","","","","","13.9","","","","","","","","","","","","","","","","","","","","","","","","",
"St. Lucia","LCA","Prevalence of overweight, weight for height, male (% of children under 5)","SH.STA.OWGH.MA.ZS","","","","","","","","","","","","","","","","","","","","","","","","","","","","","","","","","","","","","","","","","","","","","","","","","","","","","8.9","","","","","","","",
"Latin America & Caribbean","LCN","Prevalence of overweight, weight for height, male (% of children under 5)","SH.STA.OWGH.MA.ZS","","","","","","","","","","","","","","","","","","","","","","","","","","","","","","","","","","","","","","","","","","","","","","","","","","","","","","","","","","","","",
"Least developed countries: UN classification","LDC","Prevalence of overweight, weight for height, male (% of children under 5)","SH.STA.OWGH.MA.ZS","","","","","","","","","","","","","","","","","","","","","","","","","","","","","","","","","","","","","","","","","","","","","","","","","","","","","","","","","","","","",
"Low income","LIC","Prevalence of overweight, weight for height, male (% of children under 5)","SH.STA.OWGH.MA.ZS","","","","","","","","","","","","","","","","","","","","","","","","","","","","","","","","","","","","","","","","","","","","","","","","","","","","","","","","","","","","",
"Liechtenstein","LIE","Prevalence of overweight, weight for height, male (% of children under 5)","SH.STA.OWGH.MA.ZS","","","","","","","","","","","","","","","","","","","","","","","","","","","","","","","","","","","","","","","","","","","","","","","","","","","","","","","","","","","","",
"Sri Lanka","LKA","Prevalence of overweight, weight for height, male (% of children under 5)","SH.STA.OWGH.MA.ZS","","","","","","","","","","","","","","","","","","","","","","","","","","","","","","","","","","","","","","","","","","","","","","","","","","","","","0.7","","","","","","","",
"Lower middle income","LMC","Prevalence of overweight, weight for height, male (% of children under 5)","SH.STA.OWGH.MA.ZS","","","","","","","","","","","","","","","","","","","","","","","","","","","","","","","","","","","","","","","","","","","","","","","","","","","","","","","","","","","","",
"Low & middle income","LMY","Prevalence of overweight, weight for height, male (% of children under 5)","SH.STA.OWGH.MA.ZS","","","","","","","","","","","","","","","","","","","","","","","","","","","","","","","","","","","","","","","","","","","","","","","","","","","","","","","","","","","","",
"Lesotho","LSO","Prevalence of overweight, weight for height, male (% of children under 5)","SH.STA.OWGH.MA.ZS","","","","","","","","","","","","","","","","","","","","","","","","","","","","","","","","","","","","","","","","","21.7","","","","7","","","","","7.7","","","","","8.1","","","","7.3","",
"Late-demographic dividend","LTE","Prevalence of overweight, weight for height, male (% of children under 5)","SH.STA.OWGH.MA.ZS","","","","","","","","","","","","","","","","","","","","","","","","","","","","","","","","","","","","","","","","","","","","","","","","","","","","","","","","","","","","",
"Lithuania","LTU","Prevalence of overweight, weight for height, male (% of children under 5)","SH.STA.OWGH.MA.ZS","","","","","","","","","","","","","","","","","","","","","","","","","","","","","","","","","","","","","","","","","","","","","","","","","","","","","","","","","","","","",
"Luxembourg","LUX","Prevalence of overweight, weight for height, male (% of children under 5)","SH.STA.OWGH.MA.ZS","","","","","","","","","","","","","","","","","","","","","","","","","","","","","","","","","","","","","","","","","","","","","","","","","","","","","","","","","","","","",
"Latvia","LVA","Prevalence of overweight, weight for height, male (% of children under 5)","SH.STA.OWGH.MA.ZS","","","","","","","","","","","","","","","","","","","","","","","","","","","","","","","","","","","","","","","","","","","","","","","","","","","","","","","","","","","","",
"Macao SAR, China","MAC","Prevalence of overweight, weight for height, male (% of children under 5)","SH.STA.OWGH.MA.ZS","","","","","","","","","","","","","","","","","","","","","","","","","","","","","","","","","","","","","","","","","","","","","","","","","","","","","","","","","","","","",
"St. Martin (French part)","MAF","Prevalence of overweight, weight for height, male (% of children under 5)","SH.STA.OWGH.MA.ZS","","","","","","","","","","","","","","","","","","","","","","","","","","","","","","","","","","","","","","","","","","","","","","","","","","","","","","","","","","","","",
"Morocco","MAR","Prevalence of overweight, weight for height, male (% of children under 5)","SH.STA.OWGH.MA.ZS","","","","","","","","","","","","","","","","","","","","","","","","","","","","5.9","","","","","11","","","","","15.4","","","","","","14.4","","","","","","","","12.6","","","","","","12.4","","",
"Monaco","MCO","Prevalence of overweight, weight for height, male (% of children under 5)","SH.STA.OWGH.MA.ZS","","","","","","","","","","","","","","","","","","","","","","","","","","","","","","","","","","","","","","","","","","","","","","","","","","","","","","","","","","","","",
"Moldova","MDA","Prevalence of overweight, weight for height, male (% of children under 5)","SH.STA.OWGH.MA.ZS","","","","","","","","","","","","","","","","","","","","","","","","","","","","","","","","","","","","","","","","","","","","","","8.8","","","","","","","6","","","","","","","",
"Madagascar","MDG","Prevalence of overweight, weight for height, male (% of children under 5)","SH.STA.OWGH.MA.ZS","","","","","","","","","","","","","","","","","","","","","","","","","","","","","","","","","1.8","","","","","","","","","","","","6.4","","","","","","","","1","","","","","","1.6","",
"Maldives","MDV","Prevalence of overweight, weight for height, male (% of children under 5)","SH.STA.OWGH.MA.ZS","","","","","","","","","","","","","","","","","","","","","","","","","","","","","","","","","","","","","","","","","","","","","","","","","","6.4","","","","","","","","","","",
"Middle East & North Africa","MEA","Prevalence of overweight, weight for height, male (% of children under 5)","SH.STA.OWGH.MA.ZS","","","","","","","","","","","","","","","","","","","","","","","","","","","","","","","","","","","","","","","","","","","","","","","","","","","","","","","","","","","","",
"Mexico","MEX","Prevalence of overweight, weight for height, male (% of children under 5)","SH.STA.OWGH.MA.ZS","","","","","","","","","","","","","","","","","","","","","","","","","","","","","","","","","","","","","","","7.6","","","","","","","","8.3","","","","","","9","","","5","5.3","","","",
"Marshall Islands","MHL","Prevalence of overweight, weight for height, male (% of children under 5)","SH.STA.OWGH.MA.ZS","","","","","","","","","","","","","","","","","","","","","","","","","","","","","","","","","","","","","","","","","","","","","","","","","","","","","","","","","","4.9","","",
"Middle income","MIC","Prevalence of overweight, weight for height, male (% of children under 5)","SH.STA.OWGH.MA.ZS","","","","","","","","","","","","","","","","","","","","","","","","","","","","","","","","","","","","","","","","","","","","","","","","","","","","","","","","","","","","",
"North Macedonia","MKD","Prevalence of overweight, weight for height, male (% of children under 5)","SH.STA.OWGH.MA.ZS","","","","","","","","","","","","","","","","","","","","","","","","","","","","","","","","","","","","","","","","","","","","","","16.6","","","","","","13.4","","","","","","","","",
"Mali","MLI","Prevalence of overweight, weight for height, male (% of children under 5)","SH.STA.OWGH.MA.ZS","","","","","","","","","","","","","","","","","","","","","","","","","","","","","","","","","","","","","","","","","","3.2","","","","","4.8","","","","1.2","","","","","1.9","","","2.2","",
"Malta","MLT","Prevalence of overweight, weight for height, male (% of children under 5)","SH.STA.OWGH.MA.ZS","","","","","","","","","","","","","","","","","","","","","","","","","","","","","","","","","","","","","","","","","","","","","","","","","","","","","","","","","","","","",
"Myanmar","MMR","Prevalence of overweight, weight for height, male (% of children under 5)","SH.STA.OWGH.MA.ZS","","","","","","","","","","","","","","","","","","","","","","","","","","","","","","","","","","","","","","","","","2.2","","","6.9","","","","","","","","","","","","","1.9","","","",
"Middle East & North Africa (excluding high income)","MNA","Prevalence of overweight, weight for height, male (% of children under 5)","SH.STA.OWGH.MA.ZS","","","","","","","","","","","","","","","","","","","","","","","","","","","","","","","","","","","","","","","","","","","","","","","","","","","","","","","","","","","","",
"Montenegro","MNE","Prevalence of overweight, weight for height, male (% of children under 5)","SH.STA.OWGH.MA.ZS","","","","","","","","","","","","","","","","","","","","","","","","","","","","","","","","","","","","","","","","","","","","","","18.6","","","","","","","","24.7","","","","","","",
"Mongolia","MNG","Prevalence of overweight, weight for height, male (% of children under 5)","SH.STA.OWGH.MA.ZS","","","","","","","","","","","","","","","","","","","","","","","","","","","","","","","","","","","","","","","","","13.2","","","","","15.6","","","","","8.2","","","10.9","","","13.1","","11.2","",
"Northern Mariana Islands","MNP","Prevalence of overweight, weight for height, male (% of children under 5)","SH.STA.OWGH.MA.ZS","","","","","","","","","","","","","","","","","","","","","","","","","","","","","","","","","","","","","","","","","","","","","","","","","","","","","","","","","","","","",
"Mozambique","MOZ","Prevalence of overweight, weight for height, male (% of children under 5)","SH.STA.OWGH.MA.ZS","","","","","","","","","","","","","","","","","","","","","","","","","","","","","","","","","","","","","","","","","","9.4","","7.3","","","","","4","","","8.1","","","","7.6","","","","",
"Mauritania","MRT","Prevalence of overweight, weight for height, male (% of children under 5)","SH.STA.OWGH.MA.ZS","","","","","","","","","","","","","","","","","","","","","","","","","","","","","","","6.5","","","","","","","","","","3.9","","","","","","","2.5","1.3","","","2.9","1.1","","","1.2","","","1.4","",
"Mauritius","MUS","Prevalence of overweight, weight for height, male (% of children under 5)","SH.STA.OWGH.MA.ZS","","","","","","","","","","","","","","","","","","","","","","","","","","","","","","","","","","","","","","","","","","","","","","","","","","","","","","","","","","","","",
"Malawi","MWI","Prevalence of overweight, weight for height, male (% of children under 5)","SH.STA.OWGH.MA.ZS","","","","","","","","","","","","","","","","","","","","","","","","","","","","","","","","","10.1","","","","","","16.4","","9.8","","11.1","","10.4","","11.9","","","","10.1","","","","5.6","5.9","1.7","","2.7","",
"Malaysia","MYS","Prevalence of overweight, weight for height, male (% of children under 5)","SH.STA.OWGH.MA.ZS","","","","","","","","","","","","","","","","","","","","","","","","","","","","","","","","","","","","","","","","","","","","","","","","","","","","","","","","","","","","",
"North America","NAC","Prevalence of overweight, weight for height, male (% of children under 5)","SH.STA.OWGH.MA.ZS","","","","","","","","","","","","","","","","","","","","","","","","","","","","","","","","","","","","","","","","","","","","","","","","","","","","","","","","","","","","",
"Namibia","NAM","Prevalence of overweight, weight for height, male (% of children under 5)","SH.STA.OWGH.MA.ZS","","","","","","","","","","","","","","","","","","","","","","","","","","","","","","","","","5.2","","","","","","","","3.7","","","","","","","4.9","","","","","","3.8","","","","","","",
"New Caledonia","NCL","Prevalence of overweight, weight for height, male (% of children under 5)","SH.STA.OWGH.MA.ZS","","","","","","","","","","","","","","","","","","","","","","","","","","","","","","","","","","","","","","","","","","","","","","","","","","","","","","","","","","","","",
"Niger","NER","Prevalence of overweight, weight for height, male (% of children under 5)","SH.STA.OWGH.MA.ZS","","","","","","","","","","","","","","","","","","","","","","","","","","","","","","","","","2.1","","","","","","","","1.9","","","","","","3.5","","","","","","0.9","0.6","0.6","","1.2","","","",
"Nigeria","NGA","Prevalence of overweight, weight for height, male (% of children under 5)","SH.STA.OWGH.MA.ZS","","","","","","","","","","","","","","","","","","","","","","","","","","","","","","","3.2","","","","","","","","","","","","","6.7","","","","13.5","10.2","","","3.2","","4.8","1.8","1.8","1.7","","2.3","",
"Nicaragua","NIC","Prevalence of overweight, weight for height, male (% of children under 5)","SH.STA.OWGH.MA.ZS","","","","","","","","","","","","","","","","","","","","","","","","","","","","","","","","","","5.6","","","","","7.4","","","8.3","","","","","6.7","","","","","","8.6","","","","","","","",
"Netherlands","NLD","Prevalence of overweight, weight for height, male (% of children under 5)","SH.STA.OWGH.MA.ZS","","","","","","","","","","","","","","","","","","","","","","","","","","","","","","","","","","","","","","","","","","","","","","","","","","","","","","","","","","","","",
"Norway","NOR","Prevalence of overweight, weight for height, male (% of children under 5)","SH.STA.OWGH.MA.ZS","","","","","","","","","","","","","","","","","","","","","","","","","","","","","","","","","","","","","","","","","","","","","","","","","","","","","","","","","","","","",
"Nepal","NPL","Prevalence of overweight, weight for height, male (% of children under 5)","SH.STA.OWGH.MA.ZS","","","","","","","","","","","","","","","","","","","","","","","","","","","","","","","","","","","","","","","","","","0.6","","","","","0.6","","","","","1.5","","","2.2","","1.3","","","",
"Nauru","NRU","Prevalence of overweight, weight for height, male (% of children under 5)","SH.STA.OWGH.MA.ZS","","","","","","","","","","","","","","","","","","","","","","","","","","","","","","","","","","","","","","","","","","","","","","","","","","","","","","","","","","","","",
"New Zealand","NZL","Prevalence of overweight, weight for height, male (% of children under 5)","SH.STA.OWGH.MA.ZS","","","","","","","","","","","","","","","","","","","","","","","","","","","","","","","","","","","","","","","","","","","","","","","","","","","","","","","","","","","","",
"OECD members","OED","Prevalence of overweight, weight for height, male (% of children under 5)","SH.STA.OWGH.MA.ZS","","","","","","","","","","","","","","","","","","","","","","","","","","","","","","","","","","","","","","","","","","","","","","","","","","","","","","","","","","","","",
"Oman","OMN","Prevalence of overweight, weight for height, male (% of children under 5)","SH.STA.OWGH.MA.ZS","","","","","","","","","","","","","","","","","","","","","","","","","","","","","","","","","","","","","","","","1.7","","","","","","","","","","","","","","","","","","","","",
"Other small states","OSS","Prevalence of overweight, weight for height, male (% of children under 5)","SH.STA.OWGH.MA.ZS","","","","","","","","","","","","","","","","","","","","","","","","","","","","","","","","","","","","","","","","","","","","","","","","","","","","","","","","","","","","",
"Pakistan","PAK","Prevalence of overweight, weight for height, male (% of children under 5)","SH.STA.OWGH.MA.ZS","","","","","","","","","","","","","","","","","","","","","","","","","","","","","","","","","","","","","","","","","","4.8","","","","","","","","","","","","4.7","","","","","2.3","",
"Panama","PAN","Prevalence of overweight, weight for height, male (% of children under 5)","SH.STA.OWGH.MA.ZS","","","","","","","","","","","","","","","","","","","","","","","","","","","","","","","","","","","","","","6.3","","","","","","11.1","","","","","8.6","","","","","","","","","","","",
"Peru","PER","Prevalence of overweight, weight for height, male (% of children under 5)","SH.STA.OWGH.MA.ZS","","","","","","","","","","","","","","","","","","","","","","","","","","","","","","","","9.9","","","","","10.9","","","","12.9","","","","","11","","9.5","","11.6","9.2","10.3","8.2","9.6","10","8.7","8.8","9","9.2","",
"Philippines","PHL","Prevalence of overweight, weight for height, male (% of children under 5)","SH.STA.OWGH.MA.ZS","","","","","","","","","","","","","","","","","","","","","","","","","","","","","","","","","","","","","","","","","","","","","","","","","","","","4.1","","4.9","","3.4","","","","",
"Palau","PLW","Prevalence of overweight, weight for height, male (% of children under 5)","SH.STA.OWGH.MA.ZS","","","","","","","","","","","","","","","","","","","","","","","","","","","","","","","","","","","","","","","","","","","","","","","","","","","","","","","","","","","","",
"Papua New Guinea","PNG","Prevalence of overweight, weight for height, male (% of children under 5)","SH.STA.OWGH.MA.ZS","","","","","","","","","","","","","","","","","","","","","","","","","","","","","","","","","","","","","","","","","","","","","","","","","","","14.3","","","","","","","","","",
"Poland","POL","Prevalence of overweight, weight for height, male (% of children under 5)","SH.STA.OWGH.MA.ZS","","","","","","","","","","","","","","","","","","","","","","","","","","","","","","","","","","","","","","","","","","","","","","","","","","","","","","","","","","","","",
"Pre-demographic dividend","PRE","Prevalence of overweight, weight for height, male (% of children under 5)","SH.STA.OWGH.MA.ZS","","","","","","","","","","","","","","","","","","","","","","","","","","","","","","","","","","","","","","","","","","","","","","","","","","","","","","","","","","","","",
"Puerto Rico","PRI","Prevalence of overweight, weight for height, male (% of children under 5)","SH.STA.OWGH.MA.ZS","","","","","","","","","","","","","","","","","","","","","","","","","","","","","","","","","","","","","","","","","","","","","","","","","","","","","","","","","","","","",
"Korea, Dem. People’s Rep.","PRK","Prevalence of overweight, weight for height, male (% of children under 5)","SH.STA.OWGH.MA.ZS","","","","","","","","","","","","","","","","","","","","","","","","","","","","","","","","","","","","","","","","","","","","","","","","","","","","","","","","","","","","",
"Portugal","PRT","Prevalence of overweight, weight for height, male (% of children under 5)","SH.STA.OWGH.MA.ZS","","","","","","","","","","","","","","","","","","","","","","","","","","","","","","","","","","","","","","","","","","","","","","","","","","","","","","","","","","","","",
"Paraguay","PRY","Prevalence of overweight, weight for height, male (% of children under 5)","SH.STA.OWGH.MA.ZS","","","","","","","","","","","","","","","","","","","","","","","","","","","","","","","7.8","","","","","","","","","","","","","","","","","","","","","","10.9","","","","13","","","",
"West Bank and Gaza","PSE","Prevalence of overweight, weight for height, male (% of children under 5)","SH.STA.OWGH.MA.ZS","","","","","","","","","","","","","","","","","","","","","","","","","","","","","","","","","","","","","","","","","","","","","9.6","","13.4","","","","6","","","","9.1","","","","","",
"Pacific island small states","PSS","Prevalence of overweight, weight for height, male (% of children under 5)","SH.STA.OWGH.MA.ZS","","","","","","","","","","","","","","","","","","","","","","","","","","","","","","","","","","","","","","","","","","","","","","","","","","","","","","","","","","","","",
"Post-demographic dividend","PST","Prevalence of overweight, weight for height, male (% of children under 5)","SH.STA.OWGH.MA.ZS","","","","","","","","","","","","","","","","","","","","","","","","","","","","","","","","","","","","","","","","","","","","","","","","","","","","","","","","","","","","",
"French Polynesia","PYF","Prevalence of overweight, weight for height, male (% of children under 5)","SH.STA.OWGH.MA.ZS","","","","","","","","","","","","","","","","","","","","","","","","","","","","","","","","","","","","","","","","","","","","","","","","","","","","","","","","","","","","",
"Qatar","QAT","Prevalence of overweight, weight for height, male (% of children under 5)","SH.STA.OWGH.MA.ZS","","","","","","","","","","","","","","","","","","","","","","","","","","","","","","","","","","","","","","","","","","","","","","","","","","","","","","","","","","","","",
"Romania","ROU","Prevalence of overweight, weight for height, male (% of children under 5)","SH.STA.OWGH.MA.ZS","","","","","","","","","","","","","","","","","","","","","","","","","","","","","","","","","","","","","","","","","","","","","","","","","","","","","","","","","","","","",
"Russian Federation","RUS","Prevalence of overweight, weight for height, male (% of children under 5)","SH.STA.OWGH.MA.ZS","","","","","","","","","","","","","","","","","","","","","","","","","","","","","","","","","","","","","","","","","","","","","","","","","","","","","","","","","","","","",
"Rwanda","RWA","Prevalence of overweight, weight for height, male (% of children under 5)","SH.STA.OWGH.MA.ZS","","","","","","","","","","","","","","","","","","","","","","","","","","","","","","","","","4.3","","","","","","","","7.4","","","","","7.2","","","","","6.9","","6.3","","","6.3","","","","",
"South Asia","SAS","Prevalence of overweight, weight for height, male (% of children under 5)","SH.STA.OWGH.MA.ZS","","","","","","","","","","","","","","","","","","","","","","","","","","","","","","","","","","","","","","","","","","","","","","","","","","","","","","","","","","","","",
"Saudi Arabia","SAU","Prevalence of overweight, weight for height, male (% of children under 5)","SH.STA.OWGH.MA.ZS","","","","","","","","","","","","","","","","","","","","","","","","","","","","","","","","","","","","","","","","","","","","","","","","","","","","","","","","","","","","",
"Sudan","SDN","Prevalence of overweight, weight for height, male (% of children under 5)","SH.STA.OWGH.MA.ZS","","","","","","","","","","","","","","","","","","","","","","","","","","","","","","","","","","","","","","","","","","","","","","","","","","","1.7","","","","3.2","","","","","",
"Senegal","SEN","Prevalence of overweight, weight for height, male (% of children under 5)","SH.STA.OWGH.MA.ZS","","","","","","","","","","","","","","","","","","","","","","","","","","","","","","","","","","4.1","","","","","","","3","","","","","3.2","","","","","","2.8","","1.7","1.7","1.2","0.7","0.7","","2.7",
"Singapore","SGP","Prevalence of overweight, weight for height, male (% of children under 5)","SH.STA.OWGH.MA.ZS","","","","","","","","","","","","","","","","","","","","","","","","","","","","","","","","","","","","","","","","","","","","","","","","","","","","","","","","","","","","",
"Solomon Islands","SLB","Prevalence of overweight, weight for height, male (% of children under 5)","SH.STA.OWGH.MA.ZS","","","","","","","","","","","","","","","","","","","","","","","","","","","","","","","","","","","","","","","","","","","","","","","","","","","","","","","","4.6","","","","",
"Sierra Leone","SLE","Prevalence of overweight, weight for height, male (% of children under 5)","SH.STA.OWGH.MA.ZS","","","","","","","","","","","","","","","","","","","","","","","","","","","","","","","","","","","","","","","","","5.4","","","","","6.3","","","10.3","","9.4","","","8.6","","","","2.2","","",
"El Salvador","SLV","Prevalence of overweight, weight for height, male (% of children under 5)","SH.STA.OWGH.MA.ZS","","","","","","","","","","","","","","","","","","","","","","","","","","","","","","","","","","3.5","","","","","4.6","","","","","6.6","","","","","6.3","","","","","","6.2","","","","","",
"San Marino","SMR","Prevalence of overweight, weight for height, male (% of children under 5)","SH.STA.OWGH.MA.ZS","","","","","","","","","","","","","","","","","","","","","","","","","","","","","","","","","","","","","","","","","","","","","","","","","","","","","","","","","","","","",
"Somalia","SOM","Prevalence of overweight, weight for height, male (% of children under 5)","SH.STA.OWGH.MA.ZS","","","","","","","","","","","","","","","","","","","","","","","","","","","","","","","","","","","","","","","","","","","","","","","4.9","","","2.8","","","","","","","","","","",
"Serbia","SRB","Prevalence of overweight, weight for height, male (% of children under 5)","SH.STA.OWGH.MA.ZS","","","","","","","","","","","","","","","","","","","","","","","","","","","","","","","","","","","","","","","","","","","","","","20.4","","","","","16.6","","","","15.6","","","","","",
"Sub-Saharan Africa (excluding high income)","SSA","Prevalence of overweight, weight for height, male (% of children under 5)","SH.STA.OWGH.MA.ZS","","","","","","","","","","","","","","","","","","","","","","","","","","","","","","","","","","","","","","","","","","","","","","","","","","","","","","","","","","","","",
"South Sudan","SSD","Prevalence of overweight, weight for height, male (% of children under 5)","SH.STA.OWGH.MA.ZS","","","","","","","","","","","","","","","","","","","","","","","","","","","","","","","","","","","","","","","","","","","","","","","","","","","6.1","","","","","","","","","",
"Sub-Saharan Africa","SSF","Prevalence of overweight, weight for height, male (% of children under 5)","SH.STA.OWGH.MA.ZS","","","","","","","","","","","","","","","","","","","","","","","","","","","","","","","","","","","","","","","","","","","","","","","","","","","","","","","","","","","","",
"Small states","SST","Prevalence of overweight, weight for height, male (% of children under 5)","SH.STA.OWGH.MA.ZS","","","","","","","","","","","","","","","","","","","","","","","","","","","","","","","","","","","","","","","","","","","","","","","","","","","","","","","","","","","","",
"Sao Tome and Principe","STP","Prevalence of overweight, weight for height, male (% of children under 5)","SH.STA.OWGH.MA.ZS","","","","","","","","","","","","","","","","","","","","","","","","","","","","","","","","","","","","","","","","","9.8","","","","","","","","10.5","","","","","","2.6","","","","","",
"Suriname","SUR","Prevalence of overweight, weight for height, male (% of children under 5)","SH.STA.OWGH.MA.ZS","","","","","","","","","","","","","","","","","","","","","","","","","","","","","","","","","","","","","","","","","3","","","","","","4.6","","","","5","","","","","","","","","",
"Slovak Republic","SVK","Prevalence of overweight, weight for height, male (% of children under 5)","SH.STA.OWGH.MA.ZS","","","","","","","","","","","","","","","","","","","","","","","","","","","","","","","","","","","","","","","","","","","","","","","","","","","","","","","","","","","","",
"Slovenia","SVN","Prevalence of overweight, weight for height, male (% of children under 5)","SH.STA.OWGH.MA.ZS","","","","","","","","","","","","","","","","","","","","","","","","","","","","","","","","","","","","","","","","","","","","","","","","","","","","","","","","","","","","",
"Sweden","SWE","Prevalence of overweight, weight for height, male (% of children under 5)","SH.STA.OWGH.MA.ZS","","","","","","","","","","","","","","","","","","","","","","","","","","","","","","","","","","","","","","","","","","","","","","","","","","","","","","","","","","","","",
"Eswatini","SWZ","Prevalence of overweight, weight for height, male (% of children under 5)","SH.STA.OWGH.MA.ZS","","","","","","","","","","","","","","","","","","","","","","","","","","","","","","","","","","","","","","","","","15.9","","","","","","11.5","","","","10.1","","","","9","","","","","",
"Sint Maarten (Dutch part)","SXM","Prevalence of overweight, weight for height, male (% of children under 5)","SH.STA.OWGH.MA.ZS","","","","","","","","","","","","","","","","","","","","","","","","","","","","","","","","","","","","","","","","","","","","","","","","","","","","","","","","","","","","",
"Seychelles","SYC","Prevalence of overweight, weight for height, male (% of children under 5)","SH.STA.OWGH.MA.ZS","","","","","","","","","","","","","","","","","","","","","","","","","","","","","","","","","","","","","","","","","","","","","","","","","","","","","","","","","","","","",
"Syrian Arab Republic","SYR","Prevalence of overweight, weight for height, male (% of children under 5)","SH.STA.OWGH.MA.ZS","","","","","","","","","","","","","","","","","","","","","","","","","","","","","","","","","","15.6","","","","","","","","","","","","","19.3","","","","17.8","","","","","","","","","",
"Turks and Caicos Islands","TCA","Prevalence of overweight, weight for height, male (% of children under 5)","SH.STA.OWGH.MA.ZS","","","","","","","","","","","","","","","","","","","","","","","","","","","","","","","","","","","","","","","","","","","","","","","","","","","","","","","","","","","","",
"Chad","TCD","Prevalence of overweight, weight for height, male (% of children under 5)","SH.STA.OWGH.MA.ZS","","","","","","","","","","","","","","","","","","","","","","","","","","","","","","","","","","","","","","3","","","3.1","","","","4.2","","","","","","2.5","","","","","2.8","","","","",
"East Asia & Pacific (IDA & IBRD countries)","TEA","Prevalence of overweight, weight for height, male (% of children under 5)","SH.STA.OWGH.MA.ZS","","","","","","","","","","","","","","","","","","","","","","","","","","","","","","","","","","","","","","","","","","","","","","","","","","","","","","","","","","","","",
"Europe & Central Asia (IDA & IBRD countries)","TEC","Prevalence of overweight, weight for height, male (% of children under 5)","SH.STA.OWGH.MA.ZS","","","","","","","","","","","","","","","","","","","","","","","","","","","","","","","","","","","","","","","","","","","","","","","","","","","","","","","","","","","","",
"Togo","TGO","Prevalence of overweight, weight for height, male (% of children under 5)","SH.STA.OWGH.MA.ZS","","","","","","","","","","","","","","","","","","","","","","","","","","","","","","","","","","","","","","","","","","","","","","","4.5","","","","1.9","","1.8","","1.8","","","","","",
"Thailand","THA","Prevalence of overweight, weight for height, male (% of children under 5)","SH.STA.OWGH.MA.ZS","","","","","","","","","","","","","","","","","","","","","","","","","","","","","","","","","","","","","","","","","","","","","","","8.8","","","","","","10.1","","","","8.8","","","",
"Tajikistan","TJK","Prevalence of overweight, weight for height, male (% of children under 5)","SH.STA.OWGH.MA.ZS","","","","","","","","","","","","","","","","","","","","","","","","","","","","","","","","","","","","","","","","","","","","","","7.3","","11","","4.5","","","6.9","","","","3.9","3.5","","",
"Turkmenistan","TKM","Prevalence of overweight, weight for height, male (% of children under 5)","SH.STA.OWGH.MA.ZS","","","","","","","","","","","","","","","","","","","","","","","","","","","","","","","","","","","","","","","","","","","","","","","3.8","","","","","","","","","6","","","","",
"Latin America & the Caribbean (IDA & IBRD countries)","TLA","Prevalence of overweight, weight for height, male (% of children under 5)","SH.STA.OWGH.MA.ZS","","","","","","","","","","","","","","","","","","","","","","","","","","","","","","","","","","","","","","","","","","","","","","","","","","","","","","","","","","","","",
"Timor-Leste","TLS","Prevalence of overweight, weight for height, male (% of children under 5)","SH.STA.OWGH.MA.ZS","","","","","","","","","","","","","","","","","","","","","","","","","","","","","","","","","","","","","","","","","","","","","","","","1.7","","5.9","","","","1.5","","","","","","",
"Middle East & North Africa (IDA & IBRD countries)","TMN","Prevalence of overweight, weight for height, male (% of children under 5)","SH.STA.OWGH.MA.ZS","","","","","","","","","","","","","","","","","","","","","","","","","","","","","","","","","","","","","","","","","","","","","","","","","","","","","","","","","","","","",
"Tonga","TON","Prevalence of overweight, weight for height, male (% of children under 5)","SH.STA.OWGH.MA.ZS","","","","","","","","","","","","","","","","","","","","","","","","","","","","","","","","","","","","","","","","","","","","","","","","","","","","","","","","","","","","",
"South Asia (IDA & IBRD)","TSA","Prevalence of overweight, weight for height, male (% of children under 5)","SH.STA.OWGH.MA.ZS","","","","","","","","","","","","","","","","","","","","","","","","","","","","","","","","","","","","","","","","","","","","","","","","","","","","","","","","","","","","",
"Sub-Saharan Africa (IDA & IBRD countries)","TSS","Prevalence of overweight, weight for height, male (% of children under 5)","SH.STA.OWGH.MA.ZS","","","","","","","","","","","","","","","","","","","","","","","","","","","","","","","","","","","","","","","","","","","","","","","","","","","","","","","","","","","","",
"Trinidad and Tobago","TTO","Prevalence of overweight, weight for height, male (% of children under 5)","SH.STA.OWGH.MA.ZS","","","","","","","","","","","","","","","","","","","","","","","","","","","","","","","","","","","","","","","","","3.8","","","","","","","","","","","13","","","","","","","","",
"Tunisia","TUN","Prevalence of overweight, weight for height, male (% of children under 5)","SH.STA.OWGH.MA.ZS","","","","","","","","","","","","","","","","","","","","","","","","","","","","","","","","","","","","","","","","","","","","","","","","","","","","","14.8","","","","","","18","",
"Turkey","TUR","Prevalence of overweight, weight for height, male (% of children under 5)","SH.STA.OWGH.MA.ZS","","","","","","","","","","","","","","","","","","","","","","","","","","","","","","","","","","5.7","","","","","4.1","","","","","","10.2","","","","11","","","","","11.9","","","","","","",
"Tuvalu","TUV","Prevalence of overweight, weight for height, male (% of children under 5)","SH.STA.OWGH.MA.ZS","","","","","","","","","","","","","","","","","","","","","","","","","","","","","","","","","","","","","","","","","","","","","","","","","","","","","","","","","","","","",
"Tanzania","TZA","Prevalence of overweight, weight for height, male (% of children under 5)","SH.STA.OWGH.MA.ZS","","","","","","","","","","","","","","","","","","","","","","","","","","","","","","","","5.9","","","","","5","","","4.7","","","","","5.5","","","","","5","5.8","5.9","","4.8","","3.8","","","","",
"Uganda","UGA","Prevalence of overweight, weight for height, male (% of children under 5)","SH.STA.OWGH.MA.ZS","","","","","","","","","","","","","","","","","","","","","","","","","","","","","3.6","","","","","","","","","","","","5.4","","","","","","5.1","","","4.2","","4.4","7.3","","4.3","","4.9","","","",
"Ukraine","UKR","Prevalence of overweight, weight for height, male (% of children under 5)","SH.STA.OWGH.MA.ZS","","","","","","","","","","","","","","","","","","","","","","","","","","","","","","","","","","","","","","","","","27.3","","","","","","","","","","","","","","","","","","","",
"Upper middle income","UMC","Prevalence of overweight, weight for height, male (% of children under 5)","SH.STA.OWGH.MA.ZS","","","","","","","","","","","","","","","","","","","","","","","","","","","","","","","","","","","","","","","","","","","","","","","","","","","","","","","","","","","","",
"Uruguay","URY","Prevalence of overweight, weight for height, male (% of children under 5)","SH.STA.OWGH.MA.ZS","","","","","","","","","","","","","","","","","","","","","","","","","","","","","","","","","","","","","","","","","","","","","","","","","","","","","","","","","","","","",
"United States","USA","Prevalence of overweight, weight for height, male (% of children under 5)","SH.STA.OWGH.MA.ZS","","","","","","","","","","","","","","","","","","","","","","","","","","","","","","","","","","","","","","","","","","","","","","","","","","","","","","","","","","","","",
"Uzbekistan","UZB","Prevalence of overweight, weight for height, male (% of children under 5)","SH.STA.OWGH.MA.ZS","","","","","","","","","","","","","","","","","","","","","","","","","","","","","","","","","","","","","","","","","","","11.5","","","","12.6","","","","","","","","","","","5.4","","",
"St. Vincent and the Grenadines","VCT","Prevalence of overweight, weight for height, male (% of children under 5)","SH.STA.OWGH.MA.ZS","","","","","","","","","","","","","","","","","","","","","","","","","","","","","","","","","","","","","","","","","","","","","","","","","","","","","","","","","","","","",
"Venezuela, RB","VEN","Prevalence of overweight, weight for height, male (% of children under 5)","SH.STA.OWGH.MA.ZS","","","","","","","","","","","","","","","","","","","","","","","","","","","","","","","","","","","","","","","","","","","","","","","","","","","","","","","","","","","","",
"British Virgin Islands","VGB","Prevalence of overweight, weight for height, male (% of children under 5)","SH.STA.OWGH.MA.ZS","","","","","","","","","","","","","","","","","","","","","","","","","","","","","","","","","","","","","","","","","","","","","","","","","","","","","","","","","","","","",
"Virgin Islands (U.S.)","VIR","Prevalence of overweight, weight for height, male (% of children under 5)","SH.STA.OWGH.MA.ZS","","","","","","","","","","","","","","","","","","","","","","","","","","","","","","","","","","","","","","","","","","","","","","","","","","","","","","","","","","","","",
"Vietnam","VNM","Prevalence of overweight, weight for height, male (% of children under 5)","SH.STA.OWGH.MA.ZS","","","","","","","","","","","","","","","","","","","","","","","","","","","","","","","","","","3.3","","","","","","","2.5","","","","","","","","","","5.5","","","","","","","","","",
"Vanuatu","VUT","Prevalence of overweight, weight for height, male (% of children under 5)","SH.STA.OWGH.MA.ZS","","","","","","","","","","","","","","","","","","","","","","","","","","","","","","","","","","","","","","","","","","","","","","","","5.4","","","","","","5.2","","","","","","",
"World","WLD","Prevalence of overweight, weight for height, male (% of children under 5)","SH.STA.OWGH.MA.ZS","","","","","","","","","","","","","","","","","","","","","","","","","","","","","","","","","","","","","","","","","","","","","","","","","","","","","","","","","","","","",
"Samoa","WSM","Prevalence of overweight, weight for height, male (% of children under 5)","SH.STA.OWGH.MA.ZS","","","","","","","","","","","","","","","","","","","","","","","","","","","","","","","","","","","","","","","","","","","","","","","","","","","","","","","6.2","","","","","",
"Kosovo","XKX","Prevalence of overweight, weight for height, male (% of children under 5)","SH.STA.OWGH.MA.ZS","","","","","","","","","","","","","","","","","","","","","","","","","","","","","","","","","","","","","","","","","","","","","","","","","","","","","","","","","","","","",
"Yemen, Rep.","YEM","Prevalence of overweight, weight for height, male (% of children under 5)","SH.STA.OWGH.MA.ZS","","","","","","","","","","","","","","","","","","","","","","","","","","","","","","","","4.8","","","","","","3.7","","","","","","4.7","","5.7","","","","","","","","2.4","","","","","","",
"South Africa","ZAF","Prevalence of overweight, weight for height, male (% of children under 5)","SH.STA.OWGH.MA.ZS","","","","","","","","","","","","","","","","","","","","","","","","","","","","","","","","","","","13.7","","","","","","","","","","20.6","","","","14.7","","","","18.7","","","","15.5","","","",
"Zambia","ZMB","Prevalence of overweight, weight for height, male (% of children under 5)","SH.STA.OWGH.MA.ZS","","","","","","","","","","","","","","","","","","","","","","","","","","","","","","","","","5.2","","","","6.4","","","13.3","","","6.4","","","","","8.6","","","","","","6.6","","","","","5.4","",
"Zimbabwe","ZWE","Prevalence of overweight, weight for height, male (% of children under 5)","SH.STA.OWGH.MA.ZS","","","","","","","","","","","","","","","","","","","","","","","","","","","","","6.8","","","","","","","","","","","10.8","","","","","","9.4","","","","4.3","6.7","","","","3.6","6.2","","","","2.9",
